{
  "backprop" : true,
  "backpropType" : "Standard",
  "cacheMode" : "NONE",
  "defaultConfiguration" : {
    "cacheMode" : "NONE",
    "epochCount" : 0,
    "iterationCount" : 0,
    "l1ByParam" : { },
    "l2ByParam" : { },
    "layer" : null,
    "maxNumLineSearchIterations" : 5,
    "miniBatch" : true,
    "minimize" : true,
    "numIterations" : 0,
    "optimizationAlgo" : "STOCHASTIC_GRADIENT_DESCENT",
    "pretrain" : false,
    "seed" : 0,
    "stepFunction" : null,
    "variables" : [ "conv2d_1_W", "batch_normalization_1_gamma", "batch_normalization_1_beta", "batch_normalization_1_mean", "batch_normalization_1_var", "conv2d_2_W", "batch_normalization_2_gamma", "batch_normalization_2_beta", "batch_normalization_2_mean", "batch_normalization_2_var", "conv2d_3_W", "batch_normalization_3_gamma", "batch_normalization_3_beta", "batch_normalization_3_mean", "batch_normalization_3_var", "conv2d_4_W", "batch_normalization_4_gamma", "batch_normalization_4_beta", "batch_normalization_4_mean", "batch_normalization_4_var", "conv2d_5_W", "batch_normalization_5_gamma", "batch_normalization_5_beta", "batch_normalization_5_mean", "batch_normalization_5_var", "conv2d_6_W", "batch_normalization_6_gamma", "batch_normalization_6_beta", "batch_normalization_6_mean", "batch_normalization_6_var", "conv2d_7_W", "batch_normalization_7_gamma", "batch_normalization_7_beta", "batch_normalization_7_mean", "batch_normalization_7_var", "conv2d_8_W", "batch_normalization_8_gamma", "batch_normalization_8_beta", "batch_normalization_8_mean", "batch_normalization_8_var", "conv2d_9_W", "conv2d_9_b" ]
  },
  "epochCount" : 0,
  "inferenceWorkspaceMode" : "SEPARATE",
  "iterationCount" : 0,
  "networkInputs" : [ "input_1" ],
  "networkOutputs" : [ "outputs" ],
  "pretrain" : false,
  "tbpttBackLength" : 20,
  "tbpttFwdLength" : 20,
  "trainingWorkspaceMode" : "NONE",
  "vertexInputs" : {
    "conv2d_1" : [ "input_1" ],
    "batch_normalization_1" : [ "conv2d_1" ],
    "leaky_re_lu_1" : [ "batch_normalization_1" ],
    "max_pooling2d_1" : [ "leaky_re_lu_1" ],
    "conv2d_2" : [ "max_pooling2d_1" ],
    "batch_normalization_2" : [ "conv2d_2" ],
    "leaky_re_lu_2" : [ "batch_normalization_2" ],
    "max_pooling2d_2" : [ "leaky_re_lu_2" ],
    "conv2d_3" : [ "max_pooling2d_2" ],
    "batch_normalization_3" : [ "conv2d_3" ],
    "leaky_re_lu_3" : [ "batch_normalization_3" ],
    "max_pooling2d_3" : [ "leaky_re_lu_3" ],
    "conv2d_4" : [ "max_pooling2d_3" ],
    "batch_normalization_4" : [ "conv2d_4" ],
    "leaky_re_lu_4" : [ "batch_normalization_4" ],
    "max_pooling2d_4" : [ "leaky_re_lu_4" ],
    "conv2d_5" : [ "max_pooling2d_4" ],
    "batch_normalization_5" : [ "conv2d_5" ],
    "leaky_re_lu_5" : [ "batch_normalization_5" ],
    "max_pooling2d_5" : [ "leaky_re_lu_5" ],
    "conv2d_6" : [ "max_pooling2d_5" ],
    "batch_normalization_6" : [ "conv2d_6" ],
    "leaky_re_lu_6" : [ "batch_normalization_6" ],
    "max_pooling2d_6" : [ "leaky_re_lu_6" ],
    "conv2d_7" : [ "max_pooling2d_6" ],
    "batch_normalization_7" : [ "conv2d_7" ],
    "leaky_re_lu_7" : [ "batch_normalization_7" ],
    "conv2d_8" : [ "leaky_re_lu_7" ],
    "batch_normalization_8" : [ "conv2d_8" ],
    "leaky_re_lu_8" : [ "batch_normalization_8" ],
    "conv2d_9" : [ "leaky_re_lu_8" ],
    "outputs" : [ "conv2d_9" ]
  },
  "vertices" : {
    "conv2d_1" : {
      "LayerVertex" : {
        "layerConf" : {
          "cacheMode" : "NONE",
          "epochCount" : 0,
          "iterationCount" : 0,
          "l1ByParam" : {
            "W" : 0.0
          },
          "l2ByParam" : {
            "W" : 1.0E-5
          },
          "layer" : {
            "convolution" : {
              "activationFn" : {
                "Identity" : { }
              },
              "biasInit" : 0.0,
              "biasUpdater" : null,
              "constraints" : null,
              "convolutionMode" : "Same",
              "cudnnAlgoMode" : "PREFER_FASTEST",
              "cudnnBwdDataAlgo" : null,
              "cudnnBwdFilterAlgo" : null,
              "cudnnFwdAlgo" : null,
              "dilation" : [ 1, 1 ],
              "dist" : null,
              "gradientNormalization" : "RenormalizeL2PerLayer",
              "gradientNormalizationThreshold" : 1.0,
              "hasBias" : false,
              "idropout" : {
                "@class" : "org.deeplearning4j.nn.conf.dropout.Dropout",
                "p" : 1.0,
                "pschedule" : null
              },
              "iupdater" : {
                "@class" : "org.nd4j.linalg.learning.config.Adam",
                "beta1" : 0.9,
                "beta2" : 0.999,
                "epsilon" : 1.0E-8,
                "learningRate" : 0.001
              },
              "kernelSize" : [ 3, 3 ],
              "l1" : 0.0,
              "l1Bias" : 0.0,
              "l2" : 1.0E-5,
              "l2Bias" : 0.0,
              "layerName" : "conv2d_1",
              "nin" : 3,
              "nout" : 16,
              "padding" : [ 0, 0 ],
              "stride" : [ 1, 1 ],
              "weightInit" : "VAR_SCALING_UNIFORM_FAN_AVG",
              "weightNoise" : null
            }
          },
          "maxNumLineSearchIterations" : 5,
          "miniBatch" : true,
          "minimize" : true,
          "numIterations" : 0,
          "optimizationAlgo" : "STOCHASTIC_GRADIENT_DESCENT",
          "pretrain" : false,
          "seed" : 0,
          "stepFunction" : null,
          "variables" : [ "W" ]
        },
        "outputVertex" : false,
        "preProcessor" : null
      }
    },
    "batch_normalization_1" : {
      "LayerVertex" : {
        "layerConf" : {
          "cacheMode" : "NONE",
          "epochCount" : 0,
          "iterationCount" : 0,
          "l1ByParam" : {
            "mean" : 0.0,
            "var" : 0.0,
            "gamma" : 0.0,
            "beta" : 0.0
          },
          "l2ByParam" : {
            "mean" : 0.0,
            "var" : 0.0,
            "gamma" : 0.0,
            "beta" : 0.0
          },
          "layer" : {
            "batchNormalization" : {
              "activationFn" : {
                "Identity" : { }
              },
              "beta" : 0.0,
              "biasInit" : 0.0,
              "biasUpdater" : null,
              "constraints" : null,
              "decay" : 0.9,
              "dist" : null,
              "eps" : 0.001,
              "gamma" : 1.0,
              "gradientNormalization" : "RenormalizeL2PerLayer",
              "gradientNormalizationThreshold" : 1.0,
              "idropout" : {
                "@class" : "org.deeplearning4j.nn.conf.dropout.Dropout",
                "p" : 1.0,
                "pschedule" : null
              },
              "iupdater" : {
                "@class" : "org.nd4j.linalg.learning.config.Adam",
                "beta1" : 0.9,
                "beta2" : 0.999,
                "epsilon" : 1.0E-8,
                "learningRate" : 0.001
              },
              "l1" : 0.0,
              "l1Bias" : 0.0,
              "l2" : 1.0E-5,
              "l2Bias" : 0.0,
              "layerName" : "batch_normalization_1",
              "lockGammaBeta" : false,
              "minibatch" : true,
              "nin" : 16,
              "nout" : 16,
              "weightInit" : "XAVIER",
              "weightNoise" : null
            }
          },
          "maxNumLineSearchIterations" : 5,
          "miniBatch" : true,
          "minimize" : true,
          "numIterations" : 0,
          "optimizationAlgo" : "STOCHASTIC_GRADIENT_DESCENT",
          "pretrain" : false,
          "seed" : 0,
          "stepFunction" : null,
          "variables" : [ "gamma", "beta", "mean", "var" ]
        },
        "outputVertex" : false,
        "preProcessor" : null
      }
    },
    "leaky_re_lu_1" : {
      "LayerVertex" : {
        "layerConf" : {
          "cacheMode" : "NONE",
          "epochCount" : 0,
          "iterationCount" : 0,
          "l1ByParam" : { },
          "l2ByParam" : { },
          "layer" : {
            "activation" : {
              "activationFn" : {
                "LReLU" : {
                  "alpha" : 0.10000000149011612
                }
              },
              "constraints" : null,
              "idropout" : null,
              "layerName" : "leaky_re_lu_1"
            }
          },
          "maxNumLineSearchIterations" : 5,
          "miniBatch" : true,
          "minimize" : true,
          "numIterations" : 0,
          "optimizationAlgo" : "STOCHASTIC_GRADIENT_DESCENT",
          "pretrain" : false,
          "seed" : 0,
          "stepFunction" : null,
          "variables" : [ ]
        },
        "outputVertex" : false,
        "preProcessor" : null
      }
    },
    "max_pooling2d_1" : {
      "LayerVertex" : {
        "layerConf" : {
          "cacheMode" : "NONE",
          "epochCount" : 0,
          "iterationCount" : 0,
          "l1ByParam" : { },
          "l2ByParam" : { },
          "layer" : {
            "subsampling" : {
              "constraints" : null,
              "convolutionMode" : "Same",
              "dilation" : [ 1, 1 ],
              "eps" : 1.0E-8,
              "idropout" : {
                "@class" : "org.deeplearning4j.nn.conf.dropout.Dropout",
                "p" : 1.0,
                "pschedule" : null
              },
              "kernelSize" : [ 2, 2 ],
              "layerName" : "max_pooling2d_1",
              "padding" : [ 0, 0 ],
              "pnorm" : 0,
              "poolingType" : "MAX",
              "stride" : [ 2, 2 ]
            }
          },
          "maxNumLineSearchIterations" : 5,
          "miniBatch" : true,
          "minimize" : true,
          "numIterations" : 0,
          "optimizationAlgo" : "STOCHASTIC_GRADIENT_DESCENT",
          "pretrain" : false,
          "seed" : 0,
          "stepFunction" : null,
          "variables" : [ ]
        },
        "outputVertex" : false,
        "preProcessor" : null
      }
    },
    "conv2d_2" : {
      "LayerVertex" : {
        "layerConf" : {
          "cacheMode" : "NONE",
          "epochCount" : 0,
          "iterationCount" : 0,
          "l1ByParam" : {
            "W" : 0.0
          },
          "l2ByParam" : {
            "W" : 1.0E-5
          },
          "layer" : {
            "convolution" : {
              "activationFn" : {
                "Identity" : { }
              },
              "biasInit" : 0.0,
              "biasUpdater" : null,
              "constraints" : null,
              "convolutionMode" : "Same",
              "cudnnAlgoMode" : "PREFER_FASTEST",
              "cudnnBwdDataAlgo" : null,
              "cudnnBwdFilterAlgo" : null,
              "cudnnFwdAlgo" : null,
              "dilation" : [ 1, 1 ],
              "dist" : null,
              "gradientNormalization" : "RenormalizeL2PerLayer",
              "gradientNormalizationThreshold" : 1.0,
              "hasBias" : false,
              "idropout" : {
                "@class" : "org.deeplearning4j.nn.conf.dropout.Dropout",
                "p" : 1.0,
                "pschedule" : null
              },
              "iupdater" : {
                "@class" : "org.nd4j.linalg.learning.config.Adam",
                "beta1" : 0.9,
                "beta2" : 0.999,
                "epsilon" : 1.0E-8,
                "learningRate" : 0.001
              },
              "kernelSize" : [ 3, 3 ],
              "l1" : 0.0,
              "l1Bias" : 0.0,
              "l2" : 1.0E-5,
              "l2Bias" : 0.0,
              "layerName" : "conv2d_2",
              "nin" : 16,
              "nout" : 32,
              "padding" : [ 0, 0 ],
              "stride" : [ 1, 1 ],
              "weightInit" : "VAR_SCALING_UNIFORM_FAN_AVG",
              "weightNoise" : null
            }
          },
          "maxNumLineSearchIterations" : 5,
          "miniBatch" : true,
          "minimize" : true,
          "numIterations" : 0,
          "optimizationAlgo" : "STOCHASTIC_GRADIENT_DESCENT",
          "pretrain" : false,
          "seed" : 0,
          "stepFunction" : null,
          "variables" : [ "W" ]
        },
        "outputVertex" : false,
        "preProcessor" : null
      }
    },
    "batch_normalization_2" : {
      "LayerVertex" : {
        "layerConf" : {
          "cacheMode" : "NONE",
          "epochCount" : 0,
          "iterationCount" : 0,
          "l1ByParam" : {
            "mean" : 0.0,
            "var" : 0.0,
            "gamma" : 0.0,
            "beta" : 0.0
          },
          "l2ByParam" : {
            "mean" : 0.0,
            "var" : 0.0,
            "gamma" : 0.0,
            "beta" : 0.0
          },
          "layer" : {
            "batchNormalization" : {
              "activationFn" : {
                "Identity" : { }
              },
              "beta" : 0.0,
              "biasInit" : 0.0,
              "biasUpdater" : null,
              "constraints" : null,
              "decay" : 0.9,
              "dist" : null,
              "eps" : 0.001,
              "gamma" : 1.0,
              "gradientNormalization" : "RenormalizeL2PerLayer",
              "gradientNormalizationThreshold" : 1.0,
              "idropout" : {
                "@class" : "org.deeplearning4j.nn.conf.dropout.Dropout",
                "p" : 1.0,
                "pschedule" : null
              },
              "iupdater" : {
                "@class" : "org.nd4j.linalg.learning.config.Adam",
                "beta1" : 0.9,
                "beta2" : 0.999,
                "epsilon" : 1.0E-8,
                "learningRate" : 0.001
              },
              "l1" : 0.0,
              "l1Bias" : 0.0,
              "l2" : 1.0E-5,
              "l2Bias" : 0.0,
              "layerName" : "batch_normalization_2",
              "lockGammaBeta" : false,
              "minibatch" : true,
              "nin" : 32,
              "nout" : 32,
              "weightInit" : "XAVIER",
              "weightNoise" : null
            }
          },
          "maxNumLineSearchIterations" : 5,
          "miniBatch" : true,
          "minimize" : true,
          "numIterations" : 0,
          "optimizationAlgo" : "STOCHASTIC_GRADIENT_DESCENT",
          "pretrain" : false,
          "seed" : 0,
          "stepFunction" : null,
          "variables" : [ "gamma", "beta", "mean", "var" ]
        },
        "outputVertex" : false,
        "preProcessor" : null
      }
    },
    "leaky_re_lu_2" : {
      "LayerVertex" : {
        "layerConf" : {
          "cacheMode" : "NONE",
          "epochCount" : 0,
          "iterationCount" : 0,
          "l1ByParam" : { },
          "l2ByParam" : { },
          "layer" : {
            "activation" : {
              "activationFn" : {
                "LReLU" : {
                  "alpha" : 0.10000000149011612
                }
              },
              "constraints" : null,
              "idropout" : null,
              "layerName" : "leaky_re_lu_2"
            }
          },
          "maxNumLineSearchIterations" : 5,
          "miniBatch" : true,
          "minimize" : true,
          "numIterations" : 0,
          "optimizationAlgo" : "STOCHASTIC_GRADIENT_DESCENT",
          "pretrain" : false,
          "seed" : 0,
          "stepFunction" : null,
          "variables" : [ ]
        },
        "outputVertex" : false,
        "preProcessor" : null
      }
    },
    "max_pooling2d_2" : {
      "LayerVertex" : {
        "layerConf" : {
          "cacheMode" : "NONE",
          "epochCount" : 0,
          "iterationCount" : 0,
          "l1ByParam" : { },
          "l2ByParam" : { },
          "layer" : {
            "subsampling" : {
              "constraints" : null,
              "convolutionMode" : "Same",
              "dilation" : [ 1, 1 ],
              "eps" : 1.0E-8,
              "idropout" : {
                "@class" : "org.deeplearning4j.nn.conf.dropout.Dropout",
                "p" : 1.0,
                "pschedule" : null
              },
              "kernelSize" : [ 2, 2 ],
              "layerName" : "max_pooling2d_2",
              "padding" : [ 0, 0 ],
              "pnorm" : 0,
              "poolingType" : "MAX",
              "stride" : [ 2, 2 ]
            }
          },
          "maxNumLineSearchIterations" : 5,
          "miniBatch" : true,
          "minimize" : true,
          "numIterations" : 0,
          "optimizationAlgo" : "STOCHASTIC_GRADIENT_DESCENT",
          "pretrain" : false,
          "seed" : 0,
          "stepFunction" : null,
          "variables" : [ ]
        },
        "outputVertex" : false,
        "preProcessor" : null
      }
    },
    "conv2d_3" : {
      "LayerVertex" : {
        "layerConf" : {
          "cacheMode" : "NONE",
          "epochCount" : 0,
          "iterationCount" : 0,
          "l1ByParam" : {
            "W" : 0.0
          },
          "l2ByParam" : {
            "W" : 1.0E-5
          },
          "layer" : {
            "convolution" : {
              "activationFn" : {
                "Identity" : { }
              },
              "biasInit" : 0.0,
              "biasUpdater" : null,
              "constraints" : null,
              "convolutionMode" : "Same",
              "cudnnAlgoMode" : "PREFER_FASTEST",
              "cudnnBwdDataAlgo" : null,
              "cudnnBwdFilterAlgo" : null,
              "cudnnFwdAlgo" : null,
              "dilation" : [ 1, 1 ],
              "dist" : null,
              "gradientNormalization" : "RenormalizeL2PerLayer",
              "gradientNormalizationThreshold" : 1.0,
              "hasBias" : false,
              "idropout" : {
                "@class" : "org.deeplearning4j.nn.conf.dropout.Dropout",
                "p" : 1.0,
                "pschedule" : null
              },
              "iupdater" : {
                "@class" : "org.nd4j.linalg.learning.config.Adam",
                "beta1" : 0.9,
                "beta2" : 0.999,
                "epsilon" : 1.0E-8,
                "learningRate" : 0.001
              },
              "kernelSize" : [ 3, 3 ],
              "l1" : 0.0,
              "l1Bias" : 0.0,
              "l2" : 1.0E-5,
              "l2Bias" : 0.0,
              "layerName" : "conv2d_3",
              "nin" : 32,
              "nout" : 64,
              "padding" : [ 0, 0 ],
              "stride" : [ 1, 1 ],
              "weightInit" : "VAR_SCALING_UNIFORM_FAN_AVG",
              "weightNoise" : null
            }
          },
          "maxNumLineSearchIterations" : 5,
          "miniBatch" : true,
          "minimize" : true,
          "numIterations" : 0,
          "optimizationAlgo" : "STOCHASTIC_GRADIENT_DESCENT",
          "pretrain" : false,
          "seed" : 0,
          "stepFunction" : null,
          "variables" : [ "W" ]
        },
        "outputVertex" : false,
        "preProcessor" : null
      }
    },
    "batch_normalization_3" : {
      "LayerVertex" : {
        "layerConf" : {
          "cacheMode" : "NONE",
          "epochCount" : 0,
          "iterationCount" : 0,
          "l1ByParam" : {
            "mean" : 0.0,
            "var" : 0.0,
            "gamma" : 0.0,
            "beta" : 0.0
          },
          "l2ByParam" : {
            "mean" : 0.0,
            "var" : 0.0,
            "gamma" : 0.0,
            "beta" : 0.0
          },
          "layer" : {
            "batchNormalization" : {
              "activationFn" : {
                "Identity" : { }
              },
              "beta" : 0.0,
              "biasInit" : 0.0,
              "biasUpdater" : null,
              "constraints" : null,
              "decay" : 0.9,
              "dist" : null,
              "eps" : 0.001,
              "gamma" : 1.0,
              "gradientNormalization" : "RenormalizeL2PerLayer",
              "gradientNormalizationThreshold" : 1.0,
              "idropout" : {
                "@class" : "org.deeplearning4j.nn.conf.dropout.Dropout",
                "p" : 1.0,
                "pschedule" : null
              },
              "iupdater" : {
                "@class" : "org.nd4j.linalg.learning.config.Adam",
                "beta1" : 0.9,
                "beta2" : 0.999,
                "epsilon" : 1.0E-8,
                "learningRate" : 0.001
              },
              "l1" : 0.0,
              "l1Bias" : 0.0,
              "l2" : 1.0E-5,
              "l2Bias" : 0.0,
              "layerName" : "batch_normalization_3",
              "lockGammaBeta" : false,
              "minibatch" : true,
              "nin" : 64,
              "nout" : 64,
              "weightInit" : "XAVIER",
              "weightNoise" : null
            }
          },
          "maxNumLineSearchIterations" : 5,
          "miniBatch" : true,
          "minimize" : true,
          "numIterations" : 0,
          "optimizationAlgo" : "STOCHASTIC_GRADIENT_DESCENT",
          "pretrain" : false,
          "seed" : 0,
          "stepFunction" : null,
          "variables" : [ "gamma", "beta", "mean", "var" ]
        },
        "outputVertex" : false,
        "preProcessor" : null
      }
    },
    "leaky_re_lu_3" : {
      "LayerVertex" : {
        "layerConf" : {
          "cacheMode" : "NONE",
          "epochCount" : 0,
          "iterationCount" : 0,
          "l1ByParam" : { },
          "l2ByParam" : { },
          "layer" : {
            "activation" : {
              "activationFn" : {
                "LReLU" : {
                  "alpha" : 0.10000000149011612
                }
              },
              "constraints" : null,
              "idropout" : null,
              "layerName" : "leaky_re_lu_3"
            }
          },
          "maxNumLineSearchIterations" : 5,
          "miniBatch" : true,
          "minimize" : true,
          "numIterations" : 0,
          "optimizationAlgo" : "STOCHASTIC_GRADIENT_DESCENT",
          "pretrain" : false,
          "seed" : 0,
          "stepFunction" : null,
          "variables" : [ ]
        },
        "outputVertex" : false,
        "preProcessor" : null
      }
    },
    "max_pooling2d_3" : {
      "LayerVertex" : {
        "layerConf" : {
          "cacheMode" : "NONE",
          "epochCount" : 0,
          "iterationCount" : 0,
          "l1ByParam" : { },
          "l2ByParam" : { },
          "layer" : {
            "subsampling" : {
              "constraints" : null,
              "convolutionMode" : "Same",
              "dilation" : [ 1, 1 ],
              "eps" : 1.0E-8,
              "idropout" : {
                "@class" : "org.deeplearning4j.nn.conf.dropout.Dropout",
                "p" : 1.0,
                "pschedule" : null
              },
              "kernelSize" : [ 2, 2 ],
              "layerName" : "max_pooling2d_3",
              "padding" : [ 0, 0 ],
              "pnorm" : 0,
              "poolingType" : "MAX",
              "stride" : [ 2, 2 ]
            }
          },
          "maxNumLineSearchIterations" : 5,
          "miniBatch" : true,
          "minimize" : true,
          "numIterations" : 0,
          "optimizationAlgo" : "STOCHASTIC_GRADIENT_DESCENT",
          "pretrain" : false,
          "seed" : 0,
          "stepFunction" : null,
          "variables" : [ ]
        },
        "outputVertex" : false,
        "preProcessor" : null
      }
    },
    "conv2d_4" : {
      "LayerVertex" : {
        "layerConf" : {
          "cacheMode" : "NONE",
          "epochCount" : 0,
          "iterationCount" : 0,
          "l1ByParam" : {
            "W" : 0.0
          },
          "l2ByParam" : {
            "W" : 1.0E-5
          },
          "layer" : {
            "convolution" : {
              "activationFn" : {
                "Identity" : { }
              },
              "biasInit" : 0.0,
              "biasUpdater" : null,
              "constraints" : null,
              "convolutionMode" : "Same",
              "cudnnAlgoMode" : "PREFER_FASTEST",
              "cudnnBwdDataAlgo" : null,
              "cudnnBwdFilterAlgo" : null,
              "cudnnFwdAlgo" : null,
              "dilation" : [ 1, 1 ],
              "dist" : null,
              "gradientNormalization" : "RenormalizeL2PerLayer",
              "gradientNormalizationThreshold" : 1.0,
              "hasBias" : false,
              "idropout" : {
                "@class" : "org.deeplearning4j.nn.conf.dropout.Dropout",
                "p" : 1.0,
                "pschedule" : null
              },
              "iupdater" : {
                "@class" : "org.nd4j.linalg.learning.config.Adam",
                "beta1" : 0.9,
                "beta2" : 0.999,
                "epsilon" : 1.0E-8,
                "learningRate" : 0.001
              },
              "kernelSize" : [ 3, 3 ],
              "l1" : 0.0,
              "l1Bias" : 0.0,
              "l2" : 1.0E-5,
              "l2Bias" : 0.0,
              "layerName" : "conv2d_4",
              "nin" : 64,
              "nout" : 128,
              "padding" : [ 0, 0 ],
              "stride" : [ 1, 1 ],
              "weightInit" : "VAR_SCALING_UNIFORM_FAN_AVG",
              "weightNoise" : null
            }
          },
          "maxNumLineSearchIterations" : 5,
          "miniBatch" : true,
          "minimize" : true,
          "numIterations" : 0,
          "optimizationAlgo" : "STOCHASTIC_GRADIENT_DESCENT",
          "pretrain" : false,
          "seed" : 0,
          "stepFunction" : null,
          "variables" : [ "W" ]
        },
        "outputVertex" : false,
        "preProcessor" : null
      }
    },
    "batch_normalization_4" : {
      "LayerVertex" : {
        "layerConf" : {
          "cacheMode" : "NONE",
          "epochCount" : 0,
          "iterationCount" : 0,
          "l1ByParam" : {
            "mean" : 0.0,
            "var" : 0.0,
            "gamma" : 0.0,
            "beta" : 0.0
          },
          "l2ByParam" : {
            "mean" : 0.0,
            "var" : 0.0,
            "gamma" : 0.0,
            "beta" : 0.0
          },
          "layer" : {
            "batchNormalization" : {
              "activationFn" : {
                "Identity" : { }
              },
              "beta" : 0.0,
              "biasInit" : 0.0,
              "biasUpdater" : null,
              "constraints" : null,
              "decay" : 0.9,
              "dist" : null,
              "eps" : 0.001,
              "gamma" : 1.0,
              "gradientNormalization" : "RenormalizeL2PerLayer",
              "gradientNormalizationThreshold" : 1.0,
              "idropout" : {
                "@class" : "org.deeplearning4j.nn.conf.dropout.Dropout",
                "p" : 1.0,
                "pschedule" : null
              },
              "iupdater" : {
                "@class" : "org.nd4j.linalg.learning.config.Adam",
                "beta1" : 0.9,
                "beta2" : 0.999,
                "epsilon" : 1.0E-8,
                "learningRate" : 0.001
              },
              "l1" : 0.0,
              "l1Bias" : 0.0,
              "l2" : 1.0E-5,
              "l2Bias" : 0.0,
              "layerName" : "batch_normalization_4",
              "lockGammaBeta" : false,
              "minibatch" : true,
              "nin" : 128,
              "nout" : 128,
              "weightInit" : "XAVIER",
              "weightNoise" : null
            }
          },
          "maxNumLineSearchIterations" : 5,
          "miniBatch" : true,
          "minimize" : true,
          "numIterations" : 0,
          "optimizationAlgo" : "STOCHASTIC_GRADIENT_DESCENT",
          "pretrain" : false,
          "seed" : 0,
          "stepFunction" : null,
          "variables" : [ "gamma", "beta", "mean", "var" ]
        },
        "outputVertex" : false,
        "preProcessor" : null
      }
    },
    "leaky_re_lu_4" : {
      "LayerVertex" : {
        "layerConf" : {
          "cacheMode" : "NONE",
          "epochCount" : 0,
          "iterationCount" : 0,
          "l1ByParam" : { },
          "l2ByParam" : { },
          "layer" : {
            "activation" : {
              "activationFn" : {
                "LReLU" : {
                  "alpha" : 0.10000000149011612
                }
              },
              "constraints" : null,
              "idropout" : null,
              "layerName" : "leaky_re_lu_4"
            }
          },
          "maxNumLineSearchIterations" : 5,
          "miniBatch" : true,
          "minimize" : true,
          "numIterations" : 0,
          "optimizationAlgo" : "STOCHASTIC_GRADIENT_DESCENT",
          "pretrain" : false,
          "seed" : 0,
          "stepFunction" : null,
          "variables" : [ ]
        },
        "outputVertex" : false,
        "preProcessor" : null
      }
    },
    "max_pooling2d_4" : {
      "LayerVertex" : {
        "layerConf" : {
          "cacheMode" : "NONE",
          "epochCount" : 0,
          "iterationCount" : 0,
          "l1ByParam" : { },
          "l2ByParam" : { },
          "layer" : {
            "subsampling" : {
              "constraints" : null,
              "convolutionMode" : "Same",
              "dilation" : [ 1, 1 ],
              "eps" : 1.0E-8,
              "idropout" : {
                "@class" : "org.deeplearning4j.nn.conf.dropout.Dropout",
                "p" : 1.0,
                "pschedule" : null
              },
              "kernelSize" : [ 2, 2 ],
              "layerName" : "max_pooling2d_4",
              "padding" : [ 0, 0 ],
              "pnorm" : 0,
              "poolingType" : "MAX",
              "stride" : [ 2, 2 ]
            }
          },
          "maxNumLineSearchIterations" : 5,
          "miniBatch" : true,
          "minimize" : true,
          "numIterations" : 0,
          "optimizationAlgo" : "STOCHASTIC_GRADIENT_DESCENT",
          "pretrain" : false,
          "seed" : 0,
          "stepFunction" : null,
          "variables" : [ ]
        },
        "outputVertex" : false,
        "preProcessor" : null
      }
    },
    "conv2d_5" : {
      "LayerVertex" : {
        "layerConf" : {
          "cacheMode" : "NONE",
          "epochCount" : 0,
          "iterationCount" : 0,
          "l1ByParam" : {
            "W" : 0.0
          },
          "l2ByParam" : {
            "W" : 1.0E-5
          },
          "layer" : {
            "convolution" : {
              "activationFn" : {
                "Identity" : { }
              },
              "biasInit" : 0.0,
              "biasUpdater" : null,
              "constraints" : null,
              "convolutionMode" : "Same",
              "cudnnAlgoMode" : "PREFER_FASTEST",
              "cudnnBwdDataAlgo" : null,
              "cudnnBwdFilterAlgo" : null,
              "cudnnFwdAlgo" : null,
              "dilation" : [ 1, 1 ],
              "dist" : null,
              "gradientNormalization" : "RenormalizeL2PerLayer",
              "gradientNormalizationThreshold" : 1.0,
              "hasBias" : false,
              "idropout" : {
                "@class" : "org.deeplearning4j.nn.conf.dropout.Dropout",
                "p" : 1.0,
                "pschedule" : null
              },
              "iupdater" : {
                "@class" : "org.nd4j.linalg.learning.config.Adam",
                "beta1" : 0.9,
                "beta2" : 0.999,
                "epsilon" : 1.0E-8,
                "learningRate" : 0.001
              },
              "kernelSize" : [ 3, 3 ],
              "l1" : 0.0,
              "l1Bias" : 0.0,
              "l2" : 1.0E-5,
              "l2Bias" : 0.0,
              "layerName" : "conv2d_5",
              "nin" : 128,
              "nout" : 256,
              "padding" : [ 0, 0 ],
              "stride" : [ 1, 1 ],
              "weightInit" : "VAR_SCALING_UNIFORM_FAN_AVG",
              "weightNoise" : null
            }
          },
          "maxNumLineSearchIterations" : 5,
          "miniBatch" : true,
          "minimize" : true,
          "numIterations" : 0,
          "optimizationAlgo" : "STOCHASTIC_GRADIENT_DESCENT",
          "pretrain" : false,
          "seed" : 0,
          "stepFunction" : null,
          "variables" : [ "W" ]
        },
        "outputVertex" : false,
        "preProcessor" : null
      }
    },
    "batch_normalization_5" : {
      "LayerVertex" : {
        "layerConf" : {
          "cacheMode" : "NONE",
          "epochCount" : 0,
          "iterationCount" : 0,
          "l1ByParam" : {
            "mean" : 0.0,
            "var" : 0.0,
            "gamma" : 0.0,
            "beta" : 0.0
          },
          "l2ByParam" : {
            "mean" : 0.0,
            "var" : 0.0,
            "gamma" : 0.0,
            "beta" : 0.0
          },
          "layer" : {
            "batchNormalization" : {
              "activationFn" : {
                "Identity" : { }
              },
              "beta" : 0.0,
              "biasInit" : 0.0,
              "biasUpdater" : null,
              "constraints" : null,
              "decay" : 0.9,
              "dist" : null,
              "eps" : 0.001,
              "gamma" : 1.0,
              "gradientNormalization" : "RenormalizeL2PerLayer",
              "gradientNormalizationThreshold" : 1.0,
              "idropout" : {
                "@class" : "org.deeplearning4j.nn.conf.dropout.Dropout",
                "p" : 1.0,
                "pschedule" : null
              },
              "iupdater" : {
                "@class" : "org.nd4j.linalg.learning.config.Adam",
                "beta1" : 0.9,
                "beta2" : 0.999,
                "epsilon" : 1.0E-8,
                "learningRate" : 0.001
              },
              "l1" : 0.0,
              "l1Bias" : 0.0,
              "l2" : 1.0E-5,
              "l2Bias" : 0.0,
              "layerName" : "batch_normalization_5",
              "lockGammaBeta" : false,
              "minibatch" : true,
              "nin" : 256,
              "nout" : 256,
              "weightInit" : "XAVIER",
              "weightNoise" : null
            }
          },
          "maxNumLineSearchIterations" : 5,
          "miniBatch" : true,
          "minimize" : true,
          "numIterations" : 0,
          "optimizationAlgo" : "STOCHASTIC_GRADIENT_DESCENT",
          "pretrain" : false,
          "seed" : 0,
          "stepFunction" : null,
          "variables" : [ "gamma", "beta", "mean", "var" ]
        },
        "outputVertex" : false,
        "preProcessor" : null
      }
    },
    "leaky_re_lu_5" : {
      "LayerVertex" : {
        "layerConf" : {
          "cacheMode" : "NONE",
          "epochCount" : 0,
          "iterationCount" : 0,
          "l1ByParam" : { },
          "l2ByParam" : { },
          "layer" : {
            "activation" : {
              "activationFn" : {
                "LReLU" : {
                  "alpha" : 0.10000000149011612
                }
              },
              "constraints" : null,
              "idropout" : null,
              "layerName" : "leaky_re_lu_5"
            }
          },
          "maxNumLineSearchIterations" : 5,
          "miniBatch" : true,
          "minimize" : true,
          "numIterations" : 0,
          "optimizationAlgo" : "STOCHASTIC_GRADIENT_DESCENT",
          "pretrain" : false,
          "seed" : 0,
          "stepFunction" : null,
          "variables" : [ ]
        },
        "outputVertex" : false,
        "preProcessor" : null
      }
    },
    "max_pooling2d_5" : {
      "LayerVertex" : {
        "layerConf" : {
          "cacheMode" : "NONE",
          "epochCount" : 0,
          "iterationCount" : 0,
          "l1ByParam" : { },
          "l2ByParam" : { },
          "layer" : {
            "subsampling" : {
              "constraints" : null,
              "convolutionMode" : "Same",
              "dilation" : [ 1, 1 ],
              "eps" : 1.0E-8,
              "idropout" : {
                "@class" : "org.deeplearning4j.nn.conf.dropout.Dropout",
                "p" : 1.0,
                "pschedule" : null
              },
              "kernelSize" : [ 2, 2 ],
              "layerName" : "max_pooling2d_5",
              "padding" : [ 0, 0 ],
              "pnorm" : 0,
              "poolingType" : "MAX",
              "stride" : [ 2, 2 ]
            }
          },
          "maxNumLineSearchIterations" : 5,
          "miniBatch" : true,
          "minimize" : true,
          "numIterations" : 0,
          "optimizationAlgo" : "STOCHASTIC_GRADIENT_DESCENT",
          "pretrain" : false,
          "seed" : 0,
          "stepFunction" : null,
          "variables" : [ ]
        },
        "outputVertex" : false,
        "preProcessor" : null
      }
    },
    "conv2d_6" : {
      "LayerVertex" : {
        "layerConf" : {
          "cacheMode" : "NONE",
          "epochCount" : 0,
          "iterationCount" : 0,
          "l1ByParam" : {
            "W" : 0.0
          },
          "l2ByParam" : {
            "W" : 1.0E-5
          },
          "layer" : {
            "convolution" : {
              "activationFn" : {
                "Identity" : { }
              },
              "biasInit" : 0.0,
              "biasUpdater" : null,
              "constraints" : null,
              "convolutionMode" : "Same",
              "cudnnAlgoMode" : "PREFER_FASTEST",
              "cudnnBwdDataAlgo" : null,
              "cudnnBwdFilterAlgo" : null,
              "cudnnFwdAlgo" : null,
              "dilation" : [ 1, 1 ],
              "dist" : null,
              "gradientNormalization" : "RenormalizeL2PerLayer",
              "gradientNormalizationThreshold" : 1.0,
              "hasBias" : false,
              "idropout" : {
                "@class" : "org.deeplearning4j.nn.conf.dropout.Dropout",
                "p" : 1.0,
                "pschedule" : null
              },
              "iupdater" : {
                "@class" : "org.nd4j.linalg.learning.config.Adam",
                "beta1" : 0.9,
                "beta2" : 0.999,
                "epsilon" : 1.0E-8,
                "learningRate" : 0.001
              },
              "kernelSize" : [ 3, 3 ],
              "l1" : 0.0,
              "l1Bias" : 0.0,
              "l2" : 1.0E-5,
              "l2Bias" : 0.0,
              "layerName" : "conv2d_6",
              "nin" : 256,
              "nout" : 512,
              "padding" : [ 0, 0 ],
              "stride" : [ 1, 1 ],
              "weightInit" : "VAR_SCALING_UNIFORM_FAN_AVG",
              "weightNoise" : null
            }
          },
          "maxNumLineSearchIterations" : 5,
          "miniBatch" : true,
          "minimize" : true,
          "numIterations" : 0,
          "optimizationAlgo" : "STOCHASTIC_GRADIENT_DESCENT",
          "pretrain" : false,
          "seed" : 0,
          "stepFunction" : null,
          "variables" : [ "W" ]
        },
        "outputVertex" : false,
        "preProcessor" : null
      }
    },
    "batch_normalization_6" : {
      "LayerVertex" : {
        "layerConf" : {
          "cacheMode" : "NONE",
          "epochCount" : 0,
          "iterationCount" : 0,
          "l1ByParam" : {
            "mean" : 0.0,
            "var" : 0.0,
            "gamma" : 0.0,
            "beta" : 0.0
          },
          "l2ByParam" : {
            "mean" : 0.0,
            "var" : 0.0,
            "gamma" : 0.0,
            "beta" : 0.0
          },
          "layer" : {
            "batchNormalization" : {
              "activationFn" : {
                "Identity" : { }
              },
              "beta" : 0.0,
              "biasInit" : 0.0,
              "biasUpdater" : null,
              "constraints" : null,
              "decay" : 0.9,
              "dist" : null,
              "eps" : 0.001,
              "gamma" : 1.0,
              "gradientNormalization" : "RenormalizeL2PerLayer",
              "gradientNormalizationThreshold" : 1.0,
              "idropout" : {
                "@class" : "org.deeplearning4j.nn.conf.dropout.Dropout",
                "p" : 1.0,
                "pschedule" : null
              },
              "iupdater" : {
                "@class" : "org.nd4j.linalg.learning.config.Adam",
                "beta1" : 0.9,
                "beta2" : 0.999,
                "epsilon" : 1.0E-8,
                "learningRate" : 0.001
              },
              "l1" : 0.0,
              "l1Bias" : 0.0,
              "l2" : 1.0E-5,
              "l2Bias" : 0.0,
              "layerName" : "batch_normalization_6",
              "lockGammaBeta" : false,
              "minibatch" : true,
              "nin" : 512,
              "nout" : 512,
              "weightInit" : "XAVIER",
              "weightNoise" : null
            }
          },
          "maxNumLineSearchIterations" : 5,
          "miniBatch" : true,
          "minimize" : true,
          "numIterations" : 0,
          "optimizationAlgo" : "STOCHASTIC_GRADIENT_DESCENT",
          "pretrain" : false,
          "seed" : 0,
          "stepFunction" : null,
          "variables" : [ "gamma", "beta", "mean", "var" ]
        },
        "outputVertex" : false,
        "preProcessor" : null
      }
    },
    "leaky_re_lu_6" : {
      "LayerVertex" : {
        "layerConf" : {
          "cacheMode" : "NONE",
          "epochCount" : 0,
          "iterationCount" : 0,
          "l1ByParam" : { },
          "l2ByParam" : { },
          "layer" : {
            "activation" : {
              "activationFn" : {
                "LReLU" : {
                  "alpha" : 0.10000000149011612
                }
              },
              "constraints" : null,
              "idropout" : null,
              "layerName" : "leaky_re_lu_6"
            }
          },
          "maxNumLineSearchIterations" : 5,
          "miniBatch" : true,
          "minimize" : true,
          "numIterations" : 0,
          "optimizationAlgo" : "STOCHASTIC_GRADIENT_DESCENT",
          "pretrain" : false,
          "seed" : 0,
          "stepFunction" : null,
          "variables" : [ ]
        },
        "outputVertex" : false,
        "preProcessor" : null
      }
    },
    "max_pooling2d_6" : {
      "LayerVertex" : {
        "layerConf" : {
          "cacheMode" : "NONE",
          "epochCount" : 0,
          "iterationCount" : 0,
          "l1ByParam" : { },
          "l2ByParam" : { },
          "layer" : {
            "subsampling" : {
              "constraints" : null,
              "convolutionMode" : "Same",
              "dilation" : [ 1, 1 ],
              "eps" : 1.0E-8,
              "idropout" : {
                "@class" : "org.deeplearning4j.nn.conf.dropout.Dropout",
                "p" : 1.0,
                "pschedule" : null
              },
              "kernelSize" : [ 2, 2 ],
              "layerName" : "max_pooling2d_6",
              "padding" : [ 0, 0 ],
              "pnorm" : 0,
              "poolingType" : "MAX",
              "stride" : [ 1, 1 ]
            }
          },
          "maxNumLineSearchIterations" : 5,
          "miniBatch" : true,
          "minimize" : true,
          "numIterations" : 0,
          "optimizationAlgo" : "STOCHASTIC_GRADIENT_DESCENT",
          "pretrain" : false,
          "seed" : 0,
          "stepFunction" : null,
          "variables" : [ ]
        },
        "outputVertex" : false,
        "preProcessor" : null
      }
    },
    "conv2d_7" : {
      "LayerVertex" : {
        "layerConf" : {
          "cacheMode" : "NONE",
          "epochCount" : 0,
          "iterationCount" : 0,
          "l1ByParam" : {
            "W" : 0.0
          },
          "l2ByParam" : {
            "W" : 1.0E-5
          },
          "layer" : {
            "convolution" : {
              "activationFn" : {
                "Identity" : { }
              },
              "biasInit" : 0.0,
              "biasUpdater" : null,
              "constraints" : null,
              "convolutionMode" : "Same",
              "cudnnAlgoMode" : "PREFER_FASTEST",
              "cudnnBwdDataAlgo" : null,
              "cudnnBwdFilterAlgo" : null,
              "cudnnFwdAlgo" : null,
              "dilation" : [ 1, 1 ],
              "dist" : null,
              "gradientNormalization" : "RenormalizeL2PerLayer",
              "gradientNormalizationThreshold" : 1.0,
              "hasBias" : false,
              "idropout" : {
                "@class" : "org.deeplearning4j.nn.conf.dropout.Dropout",
                "p" : 1.0,
                "pschedule" : null
              },
              "iupdater" : {
                "@class" : "org.nd4j.linalg.learning.config.Adam",
                "beta1" : 0.9,
                "beta2" : 0.999,
                "epsilon" : 1.0E-8,
                "learningRate" : 0.001
              },
              "kernelSize" : [ 3, 3 ],
              "l1" : 0.0,
              "l1Bias" : 0.0,
              "l2" : 1.0E-5,
              "l2Bias" : 0.0,
              "layerName" : "conv2d_7",
              "nin" : 512,
              "nout" : 1024,
              "padding" : [ 0, 0 ],
              "stride" : [ 1, 1 ],
              "weightInit" : "VAR_SCALING_UNIFORM_FAN_AVG",
              "weightNoise" : null
            }
          },
          "maxNumLineSearchIterations" : 5,
          "miniBatch" : true,
          "minimize" : true,
          "numIterations" : 0,
          "optimizationAlgo" : "STOCHASTIC_GRADIENT_DESCENT",
          "pretrain" : false,
          "seed" : 0,
          "stepFunction" : null,
          "variables" : [ "W" ]
        },
        "outputVertex" : false,
        "preProcessor" : null
      }
    },
    "batch_normalization_7" : {
      "LayerVertex" : {
        "layerConf" : {
          "cacheMode" : "NONE",
          "epochCount" : 0,
          "iterationCount" : 0,
          "l1ByParam" : {
            "mean" : 0.0,
            "var" : 0.0,
            "gamma" : 0.0,
            "beta" : 0.0
          },
          "l2ByParam" : {
            "mean" : 0.0,
            "var" : 0.0,
            "gamma" : 0.0,
            "beta" : 0.0
          },
          "layer" : {
            "batchNormalization" : {
              "activationFn" : {
                "Identity" : { }
              },
              "beta" : 0.0,
              "biasInit" : 0.0,
              "biasUpdater" : null,
              "constraints" : null,
              "decay" : 0.9,
              "dist" : null,
              "eps" : 0.001,
              "gamma" : 1.0,
              "gradientNormalization" : "RenormalizeL2PerLayer",
              "gradientNormalizationThreshold" : 1.0,
              "idropout" : {
                "@class" : "org.deeplearning4j.nn.conf.dropout.Dropout",
                "p" : 1.0,
                "pschedule" : null
              },
              "iupdater" : {
                "@class" : "org.nd4j.linalg.learning.config.Adam",
                "beta1" : 0.9,
                "beta2" : 0.999,
                "epsilon" : 1.0E-8,
                "learningRate" : 0.001
              },
              "l1" : 0.0,
              "l1Bias" : 0.0,
              "l2" : 1.0E-5,
              "l2Bias" : 0.0,
              "layerName" : "batch_normalization_7",
              "lockGammaBeta" : false,
              "minibatch" : true,
              "nin" : 1024,
              "nout" : 1024,
              "weightInit" : "XAVIER",
              "weightNoise" : null
            }
          },
          "maxNumLineSearchIterations" : 5,
          "miniBatch" : true,
          "minimize" : true,
          "numIterations" : 0,
          "optimizationAlgo" : "STOCHASTIC_GRADIENT_DESCENT",
          "pretrain" : false,
          "seed" : 0,
          "stepFunction" : null,
          "variables" : [ "gamma", "beta", "mean", "var" ]
        },
        "outputVertex" : false,
        "preProcessor" : null
      }
    },
    "leaky_re_lu_7" : {
      "LayerVertex" : {
        "layerConf" : {
          "cacheMode" : "NONE",
          "epochCount" : 0,
          "iterationCount" : 0,
          "l1ByParam" : { },
          "l2ByParam" : { },
          "layer" : {
            "activation" : {
              "activationFn" : {
                "LReLU" : {
                  "alpha" : 0.10000000149011612
                }
              },
              "constraints" : null,
              "idropout" : null,
              "layerName" : "leaky_re_lu_7"
            }
          },
          "maxNumLineSearchIterations" : 5,
          "miniBatch" : true,
          "minimize" : true,
          "numIterations" : 0,
          "optimizationAlgo" : "STOCHASTIC_GRADIENT_DESCENT",
          "pretrain" : false,
          "seed" : 0,
          "stepFunction" : null,
          "variables" : [ ]
        },
        "outputVertex" : false,
        "preProcessor" : null
      }
    },
    "conv2d_8" : {
      "LayerVertex" : {
        "layerConf" : {
          "cacheMode" : "NONE",
          "epochCount" : 0,
          "iterationCount" : 0,
          "l1ByParam" : {
            "W" : 0.0
          },
          "l2ByParam" : {
            "W" : 1.0E-5
          },
          "layer" : {
            "convolution" : {
              "activationFn" : {
                "Identity" : { }
              },
              "biasInit" : 0.0,
              "biasUpdater" : null,
              "constraints" : null,
              "convolutionMode" : "Same",
              "cudnnAlgoMode" : "PREFER_FASTEST",
              "cudnnBwdDataAlgo" : null,
              "cudnnBwdFilterAlgo" : null,
              "cudnnFwdAlgo" : null,
              "dilation" : [ 1, 1 ],
              "dist" : null,
              "gradientNormalization" : "RenormalizeL2PerLayer",
              "gradientNormalizationThreshold" : 1.0,
              "hasBias" : false,
              "idropout" : {
                "@class" : "org.deeplearning4j.nn.conf.dropout.Dropout",
                "p" : 1.0,
                "pschedule" : null
              },
              "iupdater" : {
                "@class" : "org.nd4j.linalg.learning.config.Adam",
                "beta1" : 0.9,
                "beta2" : 0.999,
                "epsilon" : 1.0E-8,
                "learningRate" : 0.001
              },
              "kernelSize" : [ 3, 3 ],
              "l1" : 0.0,
              "l1Bias" : 0.0,
              "l2" : 1.0E-5,
              "l2Bias" : 0.0,
              "layerName" : "conv2d_8",
              "nin" : 1024,
              "nout" : 1024,
              "padding" : [ 0, 0 ],
              "stride" : [ 1, 1 ],
              "weightInit" : "VAR_SCALING_UNIFORM_FAN_AVG",
              "weightNoise" : null
            }
          },
          "maxNumLineSearchIterations" : 5,
          "miniBatch" : true,
          "minimize" : true,
          "numIterations" : 0,
          "optimizationAlgo" : "STOCHASTIC_GRADIENT_DESCENT",
          "pretrain" : false,
          "seed" : 0,
          "stepFunction" : null,
          "variables" : [ "W" ]
        },
        "outputVertex" : false,
        "preProcessor" : null
      }
    },
    "batch_normalization_8" : {
      "LayerVertex" : {
        "layerConf" : {
          "cacheMode" : "NONE",
          "epochCount" : 0,
          "iterationCount" : 0,
          "l1ByParam" : {
            "mean" : 0.0,
            "var" : 0.0,
            "gamma" : 0.0,
            "beta" : 0.0
          },
          "l2ByParam" : {
            "mean" : 0.0,
            "var" : 0.0,
            "gamma" : 0.0,
            "beta" : 0.0
          },
          "layer" : {
            "batchNormalization" : {
              "activationFn" : {
                "Identity" : { }
              },
              "beta" : 0.0,
              "biasInit" : 0.0,
              "biasUpdater" : null,
              "constraints" : null,
              "decay" : 0.9,
              "dist" : null,
              "eps" : 0.001,
              "gamma" : 1.0,
              "gradientNormalization" : "RenormalizeL2PerLayer",
              "gradientNormalizationThreshold" : 1.0,
              "idropout" : {
                "@class" : "org.deeplearning4j.nn.conf.dropout.Dropout",
                "p" : 1.0,
                "pschedule" : null
              },
              "iupdater" : {
                "@class" : "org.nd4j.linalg.learning.config.Adam",
                "beta1" : 0.9,
                "beta2" : 0.999,
                "epsilon" : 1.0E-8,
                "learningRate" : 0.001
              },
              "l1" : 0.0,
              "l1Bias" : 0.0,
              "l2" : 1.0E-5,
              "l2Bias" : 0.0,
              "layerName" : "batch_normalization_8",
              "lockGammaBeta" : false,
              "minibatch" : true,
              "nin" : 1024,
              "nout" : 1024,
              "weightInit" : "XAVIER",
              "weightNoise" : null
            }
          },
          "maxNumLineSearchIterations" : 5,
          "miniBatch" : true,
          "minimize" : true,
          "numIterations" : 0,
          "optimizationAlgo" : "STOCHASTIC_GRADIENT_DESCENT",
          "pretrain" : false,
          "seed" : 0,
          "stepFunction" : null,
          "variables" : [ "gamma", "beta", "mean", "var" ]
        },
        "outputVertex" : false,
        "preProcessor" : null
      }
    },
    "leaky_re_lu_8" : {
      "LayerVertex" : {
        "layerConf" : {
          "cacheMode" : "NONE",
          "epochCount" : 0,
          "iterationCount" : 0,
          "l1ByParam" : { },
          "l2ByParam" : { },
          "layer" : {
            "activation" : {
              "activationFn" : {
                "LReLU" : {
                  "alpha" : 0.10000000149011612
                }
              },
              "constraints" : null,
              "idropout" : null,
              "layerName" : "leaky_re_lu_8"
            }
          },
          "maxNumLineSearchIterations" : 5,
          "miniBatch" : true,
          "minimize" : true,
          "numIterations" : 0,
          "optimizationAlgo" : "STOCHASTIC_GRADIENT_DESCENT",
          "pretrain" : false,
          "seed" : 0,
          "stepFunction" : null,
          "variables" : [ ]
        },
        "outputVertex" : false,
        "preProcessor" : null
      }
    },
    "conv2d_9" : {
      "LayerVertex" : {
        "layerConf" : {
          "cacheMode" : "NONE",
          "epochCount" : 0,
          "iterationCount" : 0,
          "l1ByParam" : {
            "b" : 0.0,
            "W" : 0.0
          },
          "l2ByParam" : {
            "b" : 0.0,
            "W" : 1.0E-5
          },
          "layer" : {
            "convolution" : {
              "activationFn" : {
                "Identity" : { }
              },
              "biasInit" : 0.0,
              "biasUpdater" : null,
              "constraints" : null,
              "convolutionMode" : "Same",
              "cudnnAlgoMode" : "PREFER_FASTEST",
              "cudnnBwdDataAlgo" : null,
              "cudnnBwdFilterAlgo" : null,
              "cudnnFwdAlgo" : null,
              "dilation" : [ 1, 1 ],
              "dist" : null,
              "gradientNormalization" : "RenormalizeL2PerLayer",
              "gradientNormalizationThreshold" : 1.0,
              "hasBias" : true,
              "idropout" : {
                "@class" : "org.deeplearning4j.nn.conf.dropout.Dropout",
                "p" : 1.0,
                "pschedule" : null
              },
              "iupdater" : {
                "@class" : "org.nd4j.linalg.learning.config.Adam",
                "beta1" : 0.9,
                "beta2" : 0.999,
                "epsilon" : 1.0E-8,
                "learningRate" : 0.001
              },
              "kernelSize" : [ 1, 1 ],
              "l1" : 0.0,
              "l1Bias" : 0.0,
              "l2" : 1.0E-5,
              "l2Bias" : 0.0,
              "layerName" : "conv2d_9",
              "nin" : 1024,
              "nout" : 125,
              "padding" : [ 0, 0 ],
              "stride" : [ 1, 1 ],
              "weightInit" : "VAR_SCALING_UNIFORM_FAN_AVG",
              "weightNoise" : null
            }
          },
          "maxNumLineSearchIterations" : 5,
          "miniBatch" : true,
          "minimize" : true,
          "numIterations" : 0,
          "optimizationAlgo" : "STOCHASTIC_GRADIENT_DESCENT",
          "pretrain" : false,
          "seed" : 0,
          "stepFunction" : null,
          "variables" : [ "W", "b" ]
        },
        "outputVertex" : false,
        "preProcessor" : null
      }
    },
    "outputs" : {
      "LayerVertex" : {
        "layerConf" : {
          "cacheMode" : "NONE",
          "epochCount" : 0,
          "iterationCount" : 0,
          "l1ByParam" : { },
          "l2ByParam" : { },
          "layer" : {
            "Yolo2OutputLayer" : {
              "boundingBoxes" : {
                "dataBuffer" : [ 1.0800000429153442, 1.190000057220459, 3.4200000762939453, 4.409999847412109, 6.630000114440918, 11.380000114440918, 9.420000076293945, 5.110000133514404, 16.6200008392334, 10.520000457763672 ],
                "shapeField" : [ 5, 2 ],
                "strideField" : [ 2, 1 ],
                "offsetField" : 0,
                "typeField" : "real",
                "rankField" : 2,
                "numElements" : 10,
                "orderingField" : "c"
              },
              "constraints" : null,
              "idropout" : null,
              "lambdaCoord" : 5.0,
              "lambdaNoObj" : 0.5,
              "layerName" : "outputs",
              "lossClassPredictions" : {
                "L2" : { }
              },
              "lossPositionScale" : {
                "L2" : { }
              }
            }
          },
          "maxNumLineSearchIterations" : 5,
          "miniBatch" : true,
          "minimize" : true,
          "numIterations" : 0,
          "optimizationAlgo" : "STOCHASTIC_GRADIENT_DESCENT",
          "pretrain" : false,
          "seed" : 0,
          "stepFunction" : null,
          "variables" : [ ]
        },
        "outputVertex" : false,
        "preProcessor" : null
      }
    }
  }
}